{"IcoMoonType":"selection","icons":[{"icon":{"paths":["M250 176l92-90 426 426-426 426-92-90 338-336z"],"attrs":[{}],"isMulticolor":false,"isMulticolor2":false,"tags":["arrow_forward_ios"],"grid":24},"attrs":[{}],"properties":{"order":1,"id":1,"prevSize":24,"code":59648,"name":"arrow_forward_ios"},"setIdx":0,"setId":2,"iconIdx":0},{"icon":{"paths":["M498 166l-346 346 346 346-76 76-422-422 422-422z"],"attrs":[{}],"isMulticolor":false,"isMulticolor2":false,"tags":["arrow_back_ios"],"grid":24},"attrs":[{}],"properties":{"order":2,"id":0,"prevSize":24,"code":59649,"name":"arrow_back_ios"},"setIdx":0,"setId":2,"iconIdx":1},{"icon":{"paths":["M192 128l640 384-640 384z"],"tags":["play","player"],"defaultCode":59932,"grid":16,"attrs":[]},"attrs":[],"properties":{"ligatures":"play3, player8","name":"play3","order":2,"id":285,"prevSize":32,"code":59932},"setIdx":1,"setId":1,"iconIdx":284},{"icon":{"paths":["M128 128h320v768h-320zM576 128h320v768h-320z"],"tags":["pause","player"],"defaultCode":59933,"grid":16,"attrs":[]},"attrs":[],"properties":{"ligatures":"pause2, player9","name":"pause2","order":3,"id":286,"prevSize":32,"code":59933},"setIdx":1,"setId":1,"iconIdx":285}],"height":1024,"metadata":{"name":"icomoon"},"preferences":{"showGlyphs":true,"showQuickUse":true,"showQuickUse2":true,"showSVGs":true,"fontPref":{"prefix":"icon-","metadata":{"fontFamily":"icomoon"},"metrics":{"emSize":1024,"baseline":6.25,"whitespace":50},"embed":false},"imagePref":{"prefix":"icon-","png":true,"useClassSelector":true,"color":0,"bgColor":16777215,"classSelector":".icon"},"historySize":50,"showCodes":true,"gridSize":16}}